{
  "project_info": {
    "project_number": "360318691792",
    "firebase_url": "https://servicesearcher-3e576.firebaseio.com",
    "project_id": "servicesearcher-3e576",
    "storage_bucket": "servicesearcher-3e576.appspot.com"
  },"rules": {
    ".read": "true",
    ".write": "true"
  },
  "client": [
    {
      "client_info": {
        "mobilesdk_app_id": "1:360318691792:android:1586c4f6fa319ad6",
        "android_client_info": {
          "package_name": "com.example.autumnverellen.servicesearcher"
        }
      },
      "oauth_client": [
        {
          "client_id": "360318691792-k0p360g2rhm1thhc4l51nptf5938nd5c.apps.googleusercontent.com",
          "client_type": 1,
          "android_info": {
            "package_name": "com.example.autumnverellen.servicesearcher",
            "certificate_hash": "8d2df186a9f376470d90b4bc4e1b428e2cd6ae29"
          }
        },
        {
          "client_id": "360318691792-g68jc04sl4f34vubpmdgu6a42jm0hehg.apps.googleusercontent.com",
          "client_type": 3
        }
      ],
      "api_key": [
        {
          "current_key": "AIzaSyBnEa3CnMiAOI89msxLalNr-bUkCILtm_Y"
        }
      ],
      "services": {
        "analytics_service": {
          "status": 1
        },
        "appinvite_service": {
          "status": 2,
          "other_platform_oauth_client": [
            {
              "client_id": "360318691792-g68jc04sl4f34vubpmdgu6a42jm0hehg.apps.googleusercontent.com",
              "client_type": 3
            }
          ]
        },
        "ads_service": {
          "status": 2
        }
      }
    }
  ],
  "configuration_version": "1"
}