{
  "project_info": {
    "project_number": "201909252664",
    "firebase_url": "https://androidpart2-257de.firebaseio.com",
    "project_id": "androidpart2-257de",
    "storage_bucket": "androidpart2-257de.appspot.com"
  },
  "client": [
    {
      "client_info": {
        "mobilesdk_app_id": "1:201909252664:android:1ed69b9219e6da4a",
        "android_client_info": {
          "package_name": "com.example.autumnverellen.androidpart2"
        }
      },
      "oauth_client": [
        {
          "client_id": "201909252664-mqo7edbo3s33odmifse63oc591m6jnp2.apps.googleusercontent.com",
          "client_type": 3
        }
      ],
      "api_key": [
        {
          "current_key": "AIzaSyDzZX_UD1WexPSAj9mgovLg85KwhUnn6Q8"
        }
      ],
      "services": {
        "analytics_service": {
          "status": 1
        },
        "appinvite_service": {
          "status": 1,
          "other_platform_oauth_client": []
        },
        "ads_service": {
          "status": 2
        }
      }
    }
  ],
  "configuration_version": "1"
}